id;code;title;subtitle;summary;duration;language;thumbnail;audio_url;content
1;pro;yowza spangle;overconfidently meh within;honest snug repose;20085;FR;tomorrow;unless knowingly teeming;../fake-data/blob/hipster.txt
2;full flawed;barrack;stained thankfully defenseless;throughout;13523;ES;incense likewise daily;inasmuch furthermore psst;../fake-data/blob/hipster.txt
3;leaf coarse yum;mushroom;truthfully;landing knot;8161;DE;before devil possibility;entrap short why;../fake-data/blob/hipster.txt
4;mad;jovially;likewise;major tamale how;18548;EN;prate;wherever;../fake-data/blob/hipster.txt
5;boohoo boatload insubstantial;inasmuch suckle;whoa midst;whether checkbook beef;26675;EN;worth youthfully foreclose;pierce;../fake-data/blob/hipster.txt
6;partially;favorite utter;if;loftily;12766;ES;finding;gadzooks than;../fake-data/blob/hipster.txt
7;invader;yowza lone;mecca mid;boo deploy;18685;FR;virtual following;police;../fake-data/blob/hipster.txt
8;instantly;whoa jaunty;magic;an untried;14185;DE;towards;pungent;../fake-data/blob/hipster.txt
9;slew excrete;crewmember pish;whenever consequently;huzzah;18199;ES;for;geez;../fake-data/blob/hipster.txt
10;sediment ha;sometimes tepid inasmuch;drat;oof serene brain;6209;DE;high-level;ick;../fake-data/blob/hipster.txt
